Hex Addr,Byte,Package,Mnemonic,Short Description,Tlm Type,Tlm Conversion (EU/lsb),Eng. Units (EU)
0x420,32,COMMAND_TLM,CMD_STATUS,Command Status,uint8,1,0/OK 1/BAD_APID 2/BAD_OPCODE 3/BAD_DATA 7/NO_CMD_DATA 8/CMD_SRVC_OVERRUN 9/CMD_APID_OVERRUN 12/TABLES_BUSY 13/FLASH_NOT_ARMED 14/THRUSTERS_NOT_ENABLED 15/ATT_ERR_TOO_HIGH 16/ASYNC_REFUSED
0x421,33,COMMAND_TLM,CMD_REJECT_STATUS,Command Reject Status,uint8,1,0/OK 1/BAD_APID 2/BAD_OPCODE 3/BAD_DATA 7/NO_CMD_DATA 8/CMD_SRVC_OVERRUN 9/CMD_APID_OVERRUN 12/TABLES_BUSY 13/FLASH_NOT_ARMED 14/THRUSTERS_NOT_ENABLED 15/ATT_ERR_TOO_HIGH 16/ASYNC_REFUSED
0x422,34,COMMAND_TLM,CMD_ACCEPT_COUNT,Command Accept Count,uint8,1,none
0x423,35,COMMAND_TLM,CMD_REJECT_COUNT,Command Reject Count,uint8,1,none
0x424,36,COMMAND_TLM,LAST_ACC_CMD_BYTES1,Last Accept Cmd Bytes,uint8,1,none
0x425,37,COMMAND_TLM,LAST_ACC_CMD_BYTES2,Last Accept Cmd Bytes,uint8,1,none
0x426,38,COMMAND_TLM,LAST_ACC_CMD_BYTES3,Last Accept Cmd Bytes,uint8,1,none
0x427,39,COMMAND_TLM,LAST_ACC_CMD_BYTES4,Last Accept Cmd Bytes,uint8,1,none
0x428,40,COMMAND_TLM,LAST_ACC_CMD_BYTES5,Last Accept Cmd Bytes,uint8,1,none
0x429,41,COMMAND_TLM,LAST_ACC_CMD_BYTES6,Last Accept Cmd Bytes,uint8,1,none
0x42a,42,COMMAND_TLM,LAST_ACC_CMD_BYTES7,Last Accept Cmd Bytes,uint8,1,none
0x42b,43,COMMAND_TLM,LAST_ACC_CMD_BYTES8,Last Accept Cmd Bytes,uint8,1,none
0x42c,44,COMMAND_TLM,LAST_REJ_CMD_BYTES1,Last Reject Cmd Bytes,uint8,1,none
0x42d,45,COMMAND_TLM,LAST_REJ_CMD_BYTES2,Last Reject Cmd Bytes,uint8,1,none
0x42e,46,COMMAND_TLM,LAST_REJ_CMD_BYTES3,Last Reject Cmd Bytes,uint8,1,none
0x42f,47,COMMAND_TLM,LAST_REJ_CMD_BYTES4,Last Reject Cmd Bytes,uint8,1,none
0x430,48,COMMAND_TLM,LAST_REJ_CMD_BYTES5,Last Reject Cmd Bytes,uint8,1,none
0x431,49,COMMAND_TLM,LAST_REJ_CMD_BYTES6,Last Reject Cmd Bytes,uint8,1,none
0x432,50,COMMAND_TLM,LAST_REJ_CMD_BYTES7,Last Reject Cmd Bytes,uint8,1,none
0x433,51,COMMAND_TLM,LAST_REJ_CMD_BYTES8,Last Reject Cmd Bytes,uint8,1,none
0x434,52,GENERAL,SOFTWARE_VERSION1,Software Version Code,uint32,1,none
0x438,56,GENERAL,SOFTWARE_VERSION2,Software Version Code,uint32,1,none
0x43c,60,GENERAL,HARDWARE_VERSION,Hardware Version Code,uint32,1,none
0x440,64,GENERAL,ASYNC_RUNNING,Async Task Running,uint8,1,none
0x441,65,TIME,TAI_SECONDS,TAI Seconds,uint32,0.2,sec
0x445,69,TIME,CYCLE_TIME,Cycle Time,uint32,0.2,sec
0x449,73,TIME,JD_OF_NOW_WRT_TAI,Julian Date TAI,uint32,1,day
0x44d,77,TIME,GPS_UPDATE_CYCLE_PERIOD,GPS Update Cycle Period,uint32,1,none
0x451,81,TIME,GPS_UPDATE_CYCLE_COUNT,GPS Update Cycle Count,uint32,1,none
0x455,85,TIME,TIME_VALID,Time Valid,uint8,1,1/YES 0/NO
0x456,86,TIME,CLOCK_SYNC_ENABLE,Clock Sync Enable,uint8,1,0/DS 1/EN
0x457,87,TIME,PPS_CONFIG,PPS Type,uint8,1,0/DS  1/GPS  2/INT
0x458,88,REFS,GPS_TIMER,Gps Timer,uint32,1,sec
0x45c,92,REFS,TIME_NOW,Orbit Time,uint32,0.2,sec
0x460,96,REFS,Q_ECEF_WRT_ECI1,Q ECEF wrt ECI,int32,1.00E-09,none
0x464,100,REFS,Q_ECEF_WRT_ECI2,Q ECEF wrt ECI,int32,1.00E-09,none
0x468,104,REFS,Q_ECEF_WRT_ECI3,Q ECEF wrt ECI,int32,1.00E-09,none
0x46c,108,REFS,Q_ECEF_WRT_ECI4,Q ECEF wrt ECI,int32,1.00E-09,none
0x470,112,REFS,POSITION_WRT_ECI1,Orbit Position ECI,int32,2.00E-05,km
0x474,116,REFS,POSITION_WRT_ECI2,Orbit Position ECI,int32,2.00E-05,km
0x478,120,REFS,POSITION_WRT_ECI3,Orbit Position ECI,int32,2.00E-05,km
0x47c,124,REFS,POSITION_WRT_ECEF1,Orbit Position ECEF,int32,2.00E-05,km
0x480,128,REFS,POSITION_WRT_ECEF2,Orbit Position ECEF,int32,2.00E-05,km
0x484,132,REFS,POSITION_WRT_ECEF3,Orbit Position ECEF,int32,2.00E-05,km
0x488,136,REFS,VELOCITY_WRT_ECI1,Orbit Velocity ECI,int32,5.00E-09,km/s
0x48c,140,REFS,VELOCITY_WRT_ECI2,Orbit Velocity ECI,int32,5.00E-09,km/s
0x490,144,REFS,VELOCITY_WRT_ECI3,Orbit Velocity ECI,int32,5.00E-09,km/s
0x494,148,REFS,VELOCITY_WRT_ECEF1,Orbit Velocity ECEF,int32,5.00E-09,km/s
0x498,152,REFS,VELOCITY_WRT_ECEF2,Orbit Velocity ECEF,int32,5.00E-09,km/s
0x49c,156,REFS,VELOCITY_WRT_ECEF3,Orbit Velocity ECEF,int32,5.00E-09,km/s
0x4a0,160,REFS,NADIR_VECTOR_BODY1,Nadir Vector in Body,int16,4.00E-05,none
0x4a2,162,REFS,NADIR_VECTOR_BODY2,Nadir Vector in Body,int16,4.00E-05,none
0x4a4,164,REFS,NADIR_VECTOR_BODY3,Nadir Vector in Body,int16,4.00E-05,none
0x4a6,166,REFS,MAG_MODEL_VECTOR_ECI1,Mag Model Vector ECI,int16,5.00E-09,T
0x4a8,168,REFS,MAG_MODEL_VECTOR_ECI2,Mag Model Vector ECI,int16,5.00E-09,T
0x4aa,170,REFS,MAG_MODEL_VECTOR_ECI3,Mag Model Vector ECI,int16,5.00E-09,T
0x4ac,172,REFS,MAG_MODEL_VECTOR_BODY1,Mag Model Vector Body,int16,5.00E-09,T
0x4ae,174,REFS,MAG_MODEL_VECTOR_BODY2,Mag Model Vector Body,int16,5.00E-09,T
0x4b0,176,REFS,MAG_MODEL_VECTOR_BODY3,Mag Model Vector Body,int16,5.00E-09,T
0x4b2,178,REFS,SUN_MODEL_VECTOR_ECI1,Sun Model Vector ECI,int16,4.00E-05,none
0x4b4,180,REFS,SUN_MODEL_VECTOR_ECI2,Sun Model Vector ECI,int16,4.00E-05,none
0x4b6,182,REFS,SUN_MODEL_VECTOR_ECI3,Sun Model Vector ECI,int16,4.00E-05,none
0x4b8,184,REFS,SUN_MODEL_VECTOR_BODY1,Sun Model Vector Body,int16,4.00E-05,none
0x4ba,186,REFS,SUN_MODEL_VECTOR_BODY2,Sun Model Vector Body,int16,4.00E-05,none
0x4bc,188,REFS,SUN_MODEL_VECTOR_BODY3,Sun Model Vector Body,int16,4.00E-05,none
0x4be,190,REFS,MOON_MODEL_VECTOR_ECI1,Moon Model Vector ECI,int16,4.00E-05,none
0x4c0,192,REFS,MOON_MODEL_VECTOR_ECI2,Moon Model Vector ECI,int16,4.00E-05,none
0x4c2,194,REFS,MOON_MODEL_VECTOR_ECI3,Moon Model Vector ECI,int16,4.00E-05,none
0x4c4,196,REFS,MOON_MODEL_VECTOR_BODY1,Moon Model Vector Body,int16,4.00E-05,none
0x4c6,198,REFS,MOON_MODEL_VECTOR_BODY2,Moon Model Vector Body,int16,4.00E-05,none
0x4c8,200,REFS,MOON_MODEL_VECTOR_BODY3,Moon Model Vector Body,int16,4.00E-05,none
0x4ca,202,REFS,ORBIT_METHOD,Orbit Method,uint8,1,0/KEPLER 1/GRAVITY_POINT 2/J2 3/GRAVITY_HARMONIC 4/SGP4 5/EXTERN_ACC_ONLY 6/POLYNOMIAL
0x4cb,203,REFS,REFS_VALID,Refs Valid,uint8,1,none
0x4cc,204,REFS,RUN_LOW_RATE_TASK,RunLowRateTask,uint8,1,none
0x4cd,205,REFS,AUTO_GPS_USAGE,Auto GPS Usage,uint8,1,1/YES 0/NO
0x4ce,206,ATT_DET,Q_BODY_WRT_ECI1,Attitude Quaternion,int32,5.00E-10,none
0x4d2,210,ATT_DET,Q_BODY_WRT_ECI2,Attitude Quaternion,int32,5.00E-10,none
0x4d6,214,ATT_DET,Q_BODY_WRT_ECI3,Attitude Quaternion,int32,5.00E-10,none
0x4da,218,ATT_DET,Q_BODY_WRT_ECI4,Attitude Quaternion,int32,5.00E-10,none
0x4de,222,ATT_DET,RESIDUAL1,Attitude Filter Residual,int32,5.00E-10,rad
0x4e2,226,ATT_DET,RESIDUAL2,Attitude Filter Residual,int32,5.00E-10,rad
0x4e6,230,ATT_DET,RESIDUAL3,Attitude Filter Residual,int32,5.00E-10,rad
0x4ea,234,ATT_DET,BODY_RATE1,Body Frame Rate,int32,0.0000002864788975654,deg/sec
0x4ee,238,ATT_DET,BODY_RATE2,Body Frame Rate,int32,0.0000002864788975654,deg/sec
0x4f2,242,ATT_DET,BODY_RATE3,Body Frame Rate,int32,0.0000002864788975654,deg/sec
0x4f6,246,ATT_DET,GYRO_BIAS_EST1,Estimated Gyro Bias,int16,5.00E-07,rad/sec
0x4f8,248,ATT_DET,GYRO_BIAS_EST2,Estimated Gyro Bias,int16,5.00E-07,rad/sec
0x4fa,250,ATT_DET,GYRO_BIAS_EST3,Estimated Gyro Bias,int16,5.00E-07,rad/sec
0x4fc,252,ATT_DET,ATTITUDE_ALG,Attitude Filter Algorithm,uint8,1,1/RAW 2/FIXED_GAIN_NO_BIAS 3/FIXED_GAIN 4/KALMAN(MEKF)
0x4fd,253,ATT_DET,GOOD_ATT_RATE_TIMER,GoodAttRateTimer,uint32,1,cycles
0x501,257,ATT_DET,BAD_ATT_TIMER,BadAttTimer,uint32,1,cycles
0x505,261,ATT_DET,BAD_RATE_TIMER,BadRateTimer,uint32,1,cycles
0x509,265,ATT_DET,REINIT_COUNT,Attitude Filter Reinit Count,uint32,1,none
0x50d,269,ATT_DET,ATTITUDE_VALID,Attitude Valid,uint8,1,1/YES 0/NO
0x50e,270,ATT_DET,MEAS_ATT_VALID,Measured Attitude Valid,uint8,1,1/YES 0/NO
0x50f,271,ATT_DET,MEAS_RATE_VALID,Measured Rate Valid,uint8,1,1/YES 0/NO
0x510,272,ATT_DET,TRACKER_USED,Tracker Used,uint8,1,none
0x511,273,ATT_DET,TRACKER_PREFERENCE,Tracker Preference,uint8,1,none
0x512,274,ATT_CMD,CMD_Q_BODY_WRT_ECI1,Commanded Att Quat,int32,5.00E-10,none
0x516,278,ATT_CMD,CMD_Q_BODY_WRT_ECI2,Commanded Att Quat,int32,5.00E-10,none
0x51a,282,ATT_CMD,CMD_Q_BODY_WRT_ECI3,Commanded Att Quat,int32,5.00E-10,none
0x51e,286,ATT_CMD,CMD_Q_BODY_WRT_ECI4,Commanded Att Quat,int32,5.00E-10,none
0x522,290,ATT_CMD,CMD_BODY_RATE1,Commanded Rate,int32,5.00E-09,rad/sec
0x526,294,ATT_CMD,CMD_BODY_RATE2,Commanded Rate,int32,5.00E-09,rad/sec
0x52a,298,ATT_CMD,CMD_BODY_RATE3,Commanded Rate,int32,5.00E-09,rad/sec
0x52e,302,ATT_CMD,CMD_BODY_ACCEL1,Commanded Accel,int32,5.00E-09,rad/sec/sec
0x532,306,ATT_CMD,CMD_BODY_ACCEL2,Commanded Accel,int32,5.00E-09,rad/sec/sec
0x536,310,ATT_CMD,CMD_BODY_ACCEL3,Commanded Accel,int32,5.00E-09,rad/sec/sec
0x53a,314,ATT_CMD,COMMANDED_SUN1,Desired Sun Vector,int16,4.00E-05,none
0x53c,316,ATT_CMD,COMMANDED_SUN2,Desired Sun Vector,int16,4.00E-05,none
0x53e,318,ATT_CMD,COMMANDED_SUN3,Desired Sun Vector,int16,4.00E-05,none
0x540,320,ATT_CMD,ROTISSERIE_RATE,Desired Sun Rot Rate,int16,0.0022918311805232,rad/sec
0x542,322,ATT_CMD,ADCS_MODE,ADCS Mode,uint8,1,0/SUN_POINT 1/FINE_REF_POINT
0x543,323,ATT_CMD,RECOMMEND_SUN_POINT,RecommendSunPoint,uint8,1,1/YES 0/NO
0x544,324,RW_DRIVE,THETA_ERR1,thetaErr,int16,0.001,rad
0x546,326,RW_DRIVE,THETA_ERR2,thetaErr,int16,0.001,rad
0x548,328,RW_DRIVE,THETA_ERR3,thetaErr,int16,0.001,rad
0x54a,330,RW_DRIVE,THETA_ERR4,thetaErr,int16,0.001,rad
0x54c,332,RW_DRIVE,DRAG_EST1,Wheel Est. Drag,int16,0.01,rad/sec/sec
0x54e,334,RW_DRIVE,DRAG_EST2,Wheel Est. Drag,int16,0.01,rad/sec/sec
0x550,336,RW_DRIVE,DRAG_EST3,Wheel Est. Drag,int16,0.01,rad/sec/sec
0x552,338,RW_DRIVE,DRAG_EST4,Wheel Est. Drag,int16,0.01,rad/sec/sec
0x554,340,RW_DRIVE,OBS_ANGLE_RESIDUAL1,Wheel Angle Residual,int16,0.00025,rad
0x556,342,RW_DRIVE,OBS_ANGLE_RESIDUAL2,Wheel Angle Residual,int16,0.00025,rad
0x558,344,RW_DRIVE,OBS_ANGLE_RESIDUAL3,Wheel Angle Residual,int16,0.00025,rad
0x55a,346,RW_DRIVE,OBS_ANGLE_RESIDUAL4,Wheel Angle Residual,int16,0.00025,rad
0x55c,348,RW_DRIVE,FILTERED_SPEED_RPM1,Wheel Meas Speed,int16,0.4,RPM
0x55e,350,RW_DRIVE,FILTERED_SPEED_RPM2,Wheel Meas Speed,int16,0.4,RPM
0x560,352,RW_DRIVE,FILTERED_SPEED_RPM3,Wheel Meas Speed,int16,0.4,RPM
0x562,354,RW_DRIVE,FILTERED_SPEED_RPM4,Wheel Meas Speed,int16,0.4,RPM
0x564,356,RW_DRIVE,SPEED_CMD_RPM1,Wheel Command Speed,int16,0.4,RPM
0x566,358,RW_DRIVE,SPEED_CMD_RPM2,Wheel Command Speed,int16,0.4,RPM
0x568,360,RW_DRIVE,SPEED_CMD_RPM3,Wheel Command Speed,int16,0.4,RPM
0x56a,362,RW_DRIVE,SPEED_CMD_RPM4,Wheel Command Speed,int16,0.4,RPM
0x56c,364,RW_DRIVE,TORQUE_COMMAND1,Wheel Command Torq,int32,1.00E-08,Nm
0x570,368,RW_DRIVE,TORQUE_COMMAND2,Wheel Command Torq,int32,1.00E-08,Nm
0x574,372,RW_DRIVE,TORQUE_COMMAND3,Wheel Command Torq,int32,1.00E-08,Nm
0x578,376,RW_DRIVE,TORQUE_COMMAND4,Wheel Command Torq,int32,1.00E-08,Nm
0x57c,380,RW_DRIVE,MEAS_WHEEL_CURRENT1,Coarse Wheel Current,int16,0.001,A
0x57e,382,RW_DRIVE,MEAS_WHEEL_CURRENT2,Coarse Wheel Current,int16,0.001,A
0x580,384,RW_DRIVE,MEAS_WHEEL_CURRENT3,Coarse Wheel Current,int16,0.001,A
0x582,386,RW_DRIVE,MEAS_WHEEL_CURRENT4,Coarse Wheel Current,int16,0.001,A
0x584,388,RW_DRIVE,RW_TIME,Wheel time tag,uint32,1,usec
0x588,392,RW_DRIVE,PWM_COUNTS1,Wheel PWM Counts,uint32,1,none
0x58c,396,RW_DRIVE,PWM_COUNTS2,Wheel PWM Counts,uint32,1,none
0x590,400,RW_DRIVE,PWM_COUNTS3,Wheel PWM Counts,uint32,1,none
0x594,404,RW_DRIVE,PWM_COUNTS4,Wheel PWM Counts,uint32,1,none
0x598,408,RW_DRIVE,PW_MCMD_CT1,Wheel PWM Command Counts,uint32,1,none
0x59c,412,RW_DRIVE,PW_MCMD_CT2,Wheel PWM Command Counts,uint32,1,none
0x5a0,416,RW_DRIVE,PW_MCMD_CT3,Wheel PWM Command Counts,uint32,1,none
0x5a4,420,RW_DRIVE,PW_MCMD_CT4,Wheel PWM Command Counts,uint32,1,none
0x5a8,424,RW_DRIVE,MOTOR_TACH_COUNTS1,Wheel Tach Counts,uint16,1,none
0x5aa,426,RW_DRIVE,MOTOR_TACH_COUNTS2,Wheel Tach Counts,uint16,1,none
0x5ac,428,RW_DRIVE,MOTOR_TACH_COUNTS3,Wheel Tach Counts,uint16,1,none
0x5ae,430,RW_DRIVE,MOTOR_TACH_COUNTS4,Wheel Tach Counts,uint16,1,none
0x5b0,432,RW_DRIVE,OPERATING_MODE1,Wheel Operating Mode,uint8,1,0/IDLE 1/INT 2/EXT
0x5b1,433,RW_DRIVE,OPERATING_MODE2,Wheel Operating Mode,uint8,1,0/IDLE 1/INT 2/EXT
0x5b2,434,RW_DRIVE,OPERATING_MODE3,Wheel Operating Mode,uint8,1,0/IDLE 1/INT 2/EXT
0x5b3,435,RW_DRIVE,OPERATING_MODE4,Wheel Operating Mode,uint8,1,0/IDLE 1/INT 2/EXT
0x5b4,436,RW_DRIVE,CONTROL_MODE1,Wheel Control Mode,uint8,1,0/TRQ 1/SPD 2/PWM
0x5b5,437,RW_DRIVE,CONTROL_MODE2,Wheel Control Mode,uint8,1,0/TRQ 1/SPD 2/PWM
0x5b6,438,RW_DRIVE,CONTROL_MODE3,Wheel Control Mode,uint8,1,0/TRQ 1/SPD 2/PWM
0x5b7,439,RW_DRIVE,CONTROL_MODE4,Wheel Control Mode,uint8,1,0/TRQ 1/SPD 2/PWM
0x5b8,440,RW_DRIVE,MOTOR_FAULT1,Wheel Motor Fault,uint8,1,0/FAULT 1/OK
0x5b9,441,RW_DRIVE,MOTOR_FAULT2,Wheel Motor Fault,uint8,1,0/FAULT 1/OK
0x5ba,442,RW_DRIVE,MOTOR_FAULT3,Wheel Motor Fault,uint8,1,0/FAULT 1/OK
0x5bb,443,RW_DRIVE,MOTOR_FAULT4,Wheel Motor Fault,uint8,1,0/FAULT 1/OK
0x5bc,444,RW_DRIVE,MOTOR_HALL_STATE1,Motor Hall State,uint8,1,none
0x5bd,445,RW_DRIVE,MOTOR_HALL_STATE2,Motor Hall State,uint8,1,none
0x5be,446,RW_DRIVE,MOTOR_HALL_STATE3,Motor Hall State,uint8,1,none
0x5bf,447,RW_DRIVE,MOTOR_HALL_STATE4,Motor Hall State,uint8,1,none
0x5c0,448,RW_DRIVE,PW_MENABLE1,Wheel PWM Enable,uint8,1,1/YES 0/NO
0x5c1,449,RW_DRIVE,PW_MENABLE2,Wheel PWM Enable,uint8,1,1/YES 0/NO
0x5c2,450,RW_DRIVE,PW_MENABLE3,Wheel PWM Enable,uint8,1,1/YES 0/NO
0x5c3,451,RW_DRIVE,PW_MENABLE4,Wheel PWM Enable,uint8,1,1/YES 0/NO
0x5c4,452,RW_DRIVE,PW_MDIRECTION1,Wheel PWM Direction,uint8,1,0/POS 1/NEG
0x5c5,453,RW_DRIVE,PW_MDIRECTION2,Wheel PWM Direction,uint8,1,0/POS 1/NEG
0x5c6,454,RW_DRIVE,PW_MDIRECTION3,Wheel PWM Direction,uint8,1,0/POS 1/NEG
0x5c7,455,RW_DRIVE,PW_MDIRECTION4,Wheel PWM Direction,uint8,1,0/POS 1/NEG
0x5c8,456,RW_DRIVE,PW_MCMD_DIR1,Wheel PWM Command Direction,uint8,1,0/POS 1/NEG
0x5c9,457,RW_DRIVE,PW_MCMD_DIR2,Wheel PWM Command Direction,uint8,1,0/POS 1/NEG
0x5ca,458,RW_DRIVE,PW_MCMD_DIR3,Wheel PWM Command Direction,uint8,1,0/POS 1/NEG
0x5cb,459,RW_DRIVE,PW_MCMD_DIR4,Wheel PWM Command Direction,uint8,1,0/POS 1/NEG
0x5cc,460,RW_DRIVE,RW_TEST_MODE,Wheel Test Mode,uint8,1,0/OFF  1/ON
0x5cd,461,TRACKER,ATTITUDE_ST1,Tracker Attitude,int32,4.88E-10,none
0x5d1,465,TRACKER,ATTITUDE_ST2,Tracker Attitude,int32,4.88E-10,none
0x5d5,469,TRACKER,ATTITUDE_ST3,Tracker Attitude,int32,4.88E-10,none
0x5d9,473,TRACKER,ATTITUDE_ST4,Tracker Attitude,int32,4.88E-10,none
0x5dd,477,TRACKER,RATE_EST1,Tracker Rate,int16,0.0001432394487827,deg/sec
0x5df,479,TRACKER,RATE_EST2,Tracker Rate,int16,0.0001432394487827,deg/sec
0x5e1,481,TRACKER,RATE_EST3,Tracker Rate,int16,0.0001432394487827,deg/sec
0x5e3,483,TRACKER,RIGHT_ASC,Tracker Right Ascension,uint16,0.0055,deg
0x5e5,485,TRACKER,DECLINATION,Tracker Declination,int16,0.0055,deg
0x5e7,487,TRACKER,ROLL,Tracker Roll,int16,0.0055,deg
0x5e9,489,TRACKER,ATT_COVARIANCE1,Attitude Covariance,int32,1.47E-14,none
0x5ed,493,TRACKER,ATT_COVARIANCE2,Attitude Covariance,int32,1.47E-14,none
0x5f1,497,TRACKER,ATT_COVARIANCE3,Attitude Covariance,int32,1.47E-14,none
0x5f5,501,TRACKER,ATT_COVARIANCE4,Attitude Covariance,int32,1.47E-14,none
0x5f9,505,TRACKER,ATT_COVARIANCE5,Attitude Covariance,int32,1.47E-14,none
0x5fd,509,TRACKER,ATT_COVARIANCE6,Attitude Covariance,int32,1.47E-14,none
0x601,513,TRACKER,MAXIMUM_RESIDUAL,Maximum Residual,uint8,1,arcsec
0x602,514,TRACKER,MAXIMUM_RESIDUAL_INIT,Max Residual 1st pass,uint8,1,arcsec
0x603,515,TRACKER,ANALOG_GAIN_EU,Analog Gain,uint8,0.5,none
0x604,516,TRACKER,MAG_BRIGHT,Bright Magnitude Limit,uint8,0.04,none
0x605,517,TRACKER,MAG_DIM,Dim Magnitude Limit,uint8,0.04,none
0x606,518,TRACKER,PEAK_NOISE_ALL_TRK_BLKS,Peak 3-Sigma Noise,uint8,4,counts
0x607,519,TRACKER,PEAK_BCKGND_ALL_TRK_BLKS,Peak Mean Background,uint8,4,counts
0x608,520,TRACKER,MEDIAN_NOISE_ALL_TRK_BLKS,Median 3-Sigma noise,uint8,4,counts
0x609,521,TRACKER,MEDIAN_BCKGND_ALL_TRK_BLKS,Median Mean Bkgd,uint8,4,counts
0x60a,522,TRACKER,FOV_RATE_X,FOV Rate X,int16,5.00E-06,rad/sec
0x60c,524,TRACKER,FOV_RATE_Y,FOV Rate Y,int16,5.00E-06,rad/sec
0x60e,526,TRACKER,OPERATING_MODE,Tracker Operating Mode,uint8,1,0/IDLE 1/INITIALIZE 2/STARID 3/TRACK 4/PHOTO 5/CAL
0x60f,527,TRACKER,STAR_ID_STEP,Star ID Step,uint8,1,0/IDLE 1/INITIALIZE 2/WAITING_FOR_IMAGE1  3/WAITING_FOR_IMAGE2 4/CALCULATE_RATE 5/MAKE_UNIT_VECTORS 6/AWAITING_TRISTAR 7/OK_Found_4 8/OK_Found_3 9/TIME_OUT 11/NO_MATCH
0x610,528,TRACKER,ID_STATUS,Star ID Status,uint8,1,0/IDLE 1/INITIALIZE 2/WAITING_FOR_IMAGE1  3/WAITING_FOR_IMAGE2 4/CALCULATE_RATE 5/MAKE_UNIT_VECTORS 6/AWAITING_TRISTAR 7/OK_Found_4 8/OK_Found_3 9/TIME_OUT 11/NO_MATCH
0x611,529,TRACKER,ID_STATUS_SAVE,Star ID Status Saved,uint8,1,0/IDLE 1/INITIALIZE 2/WAITING_FOR_IMAGE1  3/WAITING_FOR_IMAGE2 4/CALCULATE_RATE 5/MAKE_UNIT_VECTORS 6/AWAITING_TRISTAR 7/OK_Found_4 8/OK_Found_3 9/TIME_OUT 11/NO_MATCH
0x612,530,TRACKER,ATT_STATUS,Tracker Attitude Status,uint8,1,0/OK 1/PENDING 2/BAD 3/TOO_FEW_STARS 4/QUEST_FAILED 5/RESIDUALS_TOO_HIGH
,,,,,,,25/RATE_TOO_HIGH
0x613,531,TRACKER,RATE_EST_STATUS,Tracker Rate Est Status,uint8,1,0/OK 2/BAD
0x614,532,TRACKER,RATE_AID_STATUS,Rate Aid Status,uint8,1,0/OK 2/BAD
0x615,533,TRACKER,VEL_AID_STATUS,Velocity Aid Status,uint8,1,0/OK 2/BAD
0x616,534,TRACKER,ATT_AID_STATUS,Attitude Aid Status,uint8,1,0/OK 2/BAD
0x617,535,TRACKER,VECTOR_AID_STATUS,Vector Aid Status,uint8,1,0/OK 2/BAD
0x618,536,TRACKER,ATT_TIME_TAG,Star Tracker Time Tag,uint32,1,usec
0x61c,540,TRACKER,NUM_ID_PATTERNS_TRIED,Num ID Patterns Tried,uint32,1,none
0x620,544,TRACKER,PIXEL_AMP_THRESHOLD,Pixel Ampl Threshold,uint8,4,counts
0x621,545,TRACKER,AMPLITUDE_OFFSET,Amplitude Offset,uint8,1,counts
0x622,546,TRACKER,CURRENT_TINT,Current Tint,uint32,1,usec
0x626,550,TRACKER,VIDEO_ADDRESS,Video Start Address,uint32,1,none
0x62a,554,TRACKER,START_SET_TIME,StartSetTime,uint32,1,none
0x62e,558,TRACKER,MEM_DET_TRIGGER_DELAY,MemDetTriggerDelay,uint32,1,none
0x632,562,TRACKER,IMAGE_READ_DT,ImageReadDt,uint32,1,none
0x636,566,TRACKER,MAXIMUM_RESIDUAL_ID,Maximum Residual ID,uint16,1,none
0x638,568,TRACKER,MAXIMUM_RESIDUAL_ID_INIT,Max Residual ID 1st pass,uint16,1,none
0x63a,570,TRACKER,MAX_ROW_BCKGND_POST_COMP,Max Background Level,uint16,1,counts
0x63c,572,TRACKER,EXCLUDED_ID,Latest Excluded Star ID,uint16,1,none
0x63e,574,TRACKER,ID_STARS1,Stars Used For Pattern Match,uint16,1,none
0x640,576,TRACKER,ID_STARS2,Stars Used For Pattern Match,uint16,1,none
0x642,578,TRACKER,ID_STARS3,Stars Used For Pattern Match,uint16,1,none
0x644,580,TRACKER,ID_STARS4,Stars Used For Pattern Match,uint16,1,none
0x646,582,TRACKER,NUM_PIX_GROUPS_FOR_ID,Num Pixel Groups,uint8,1,none
0x647,583,TRACKER,ID_TOLERANCE,StarID Tolerance,uint8,1,arcsec
0x648,584,TRACKER,NUM_OF_ATT_LOOPS,Num Attitude Loops,uint8,1,none
0x649,585,TRACKER,NUM_ATTITUDE_STARS,Num Stars Used in Att,uint8,1,none
0x64a,586,TRACKER,NUM_STARS_HIGH_RESIDUAL,Num Stars High Residual,uint8,1,none
0x64b,587,TRACKER,AUTO_BLACK_ENABLE,Auto Black Enable,uint8,1,1/YES 0/NO
0x64c,588,TRACKER,BLACK_LEVEL,Black Level,uint8,1,counts
0x64d,589,TRACKER,NUM_STARS_ON_FOV,Num Stars on FOV,uint8,1,none
0x64e,590,TRACKER,NUM_TRACK_BLOCKS_ISSUED,Num Track Blocks Issued,uint8,1,none
0x64f,591,TRACKER,NUM_TRACK_STARS,Num Tracked Stars,uint8,1,none
0x650,592,TRACKER,NUM_ID_STARS,Num ID Stars,uint8,1,none
0x651,593,TRACKER,FS_WCOUNTER,FSW Counter,uint8,1,STcycles
0x652,594,TRACKER,AUTO_TRACK,Auto Track from Star ID,uint8,1,1/YES 0/NO
0x653,595,TRACKER,AUTO_INTEGRATION,Auto Integration Adjust,uint8,1,1/YES 0/NO
0x654,596,TRACKER,AUTO_GAIN,Auto Gain Adjust,uint8,1,1/YES 0/NO
0x655,597,TRACKER,TEST_MODE,Test Mode,uint8,1,TBD
0x656,598,TRACKER,FPGA_DET_TIMEOUT,Fpga Detector Timeout,uint8,1,1/YES 0/NO
0x657,599,TRACKER,STORE_SEQ_IMAGES,Store Sequential Images,uint8,1,1/YES 0/NO
0x658,600,TRACKER,TRACK_REF_AVAILABLE,Track Ref Available,uint8,1,1/YES 0/NO
0x659,601,TRACKER,NUM_EXCLUSIONS,Number of Stars in Exclusion List,uint8,1,none
0x65a,602,TRACKER,ID_WAIT_COUNTER,TriStar Execution Time,uint8,1,STcycles
0x65b,603,TRACKER,IMAGE_INDEX,Current Image Index,uint8,1,none
0x65c,604,TRACKER,REF_INDEX,Reference Image Index,uint8,1,none
0x65d,605,TRACKER,TRACK_ROWS,Track Block Row Size,uint8,1,pixels
0x65e,606,TRACKER,TRACK_COLS,Track Block Col Size,uint8,1,pixels
0x65f,607,TRACKER,NUM_BRIGHT_STARS,Number of Bright Stars,uint8,1,none
0x660,608,TRACKER,IMAGE_FILTER_ENABLED,Image Filter Enabled,uint8,1,none
0x661,609,ATT_CTRL,POSITION_ERROR1,Attitude Error,int32,2.00E-09,rad
0x665,613,ATT_CTRL,POSITION_ERROR2,Attitude Error,int32,2.00E-09,rad
0x669,617,ATT_CTRL,POSITION_ERROR3,Attitude Error,int32,2.00E-09,rad
0x66d,621,ATT_CTRL,RATE_ERROR1,Rate Error,int32,5.00E-09,rad/sec
0x671,625,ATT_CTRL,RATE_ERROR2,Rate Error,int32,5.00E-09,rad/sec
0x675,629,ATT_CTRL,RATE_ERROR3,Rate Error,int32,5.00E-09,rad/sec
0x679,633,ATT_CTRL,INTEGRAL_ERROR1,Integral Error,int16,1.00E-05,rad
0x67b,635,ATT_CTRL,INTEGRAL_ERROR2,Integral Error,int16,1.00E-05,rad
0x67d,637,ATT_CTRL,INTEGRAL_ERROR3,Integral Error,int16,1.00E-05,rad
0x67f,639,ATT_CTRL,MAX_RATE1,Commanded Rate Lim,uint16,0.0002,rad/sec
0x681,641,ATT_CTRL,MAX_RATE2,Commanded Rate Lim,uint16,0.0002,rad/sec
0x683,643,ATT_CTRL,MAX_RATE3,Commanded Rate Lim,uint16,0.0002,rad/sec
0x685,645,ATT_CTRL,MAX_ACCEL1,Commanded Accel Lim,uint16,0.0002,rad/sec/sec
0x687,647,ATT_CTRL,MAX_ACCEL2,Commanded Accel Lim,uint16,0.0002,rad/sec/sec
0x689,649,ATT_CTRL,MAX_ACCEL3,Commanded Accel Lim,uint16,0.0002,rad/sec/sec
0x68b,651,ATT_CTRL,FEEDBACK_CTRL_TORQ1,Feedback Ctrl Torque,int16,2.00E-07,Nm
0x68d,653,ATT_CTRL,FEEDBACK_CTRL_TORQ2,Feedback Ctrl Torque,int16,2.00E-07,Nm
0x68f,655,ATT_CTRL,FEEDBACK_CTRL_TORQ3,Feedback Ctrl Torque,int16,2.00E-07,Nm
0x691,657,ATT_CTRL,CTRL_TORQUE1,Total Torque Cmd,int16,2.00E-07,Nm
0x693,659,ATT_CTRL,CTRL_TORQUE2,Total Torque Cmd,int16,2.00E-07,Nm
0x695,661,ATT_CTRL,CTRL_TORQUE3,Total Torque Cmd,int16,2.00E-07,Nm
0x697,663,ATT_CTRL,TIME_INTO_SEARCH,Time Into Sun Search,uint16,1,sec
0x699,665,ATT_CTRL,WAIT_TIMER,Sun Search Wait Timer,uint16,1,sec
0x69b,667,ATT_CTRL,SUN_POINT_ANGLE_ERROR,Sun Point Angle Error,uint16,0.003,deg
0x69d,669,ATT_CTRL,SUN_POINT_STATE,Sun Point State,uint8,1,2/SEARCH_INIT 3/SEARCHING 4/WAITING 5/CONVERGING 6/ON_SUN 7/NOT_ACTIVE
0x69e,670,ATT_CTRL,GAIN_INDEX,Att Control Gain Index Setting,uint8,1,none
0x69f,671,ATT_CTRL,MOMENTUM_TOO_HIGH,Momentum Too High for Wheels,uint8,1,1/YES 0/NO
0x6a0,672,MOMENTUM,MOMENTUM_VECTOR_BODY1,System Momentum,int16,0.0002,Nms
0x6a2,674,MOMENTUM,MOMENTUM_VECTOR_BODY2,System Momentum,int16,0.0002,Nms
0x6a4,676,MOMENTUM,MOMENTUM_VECTOR_BODY3,System Momentum,int16,0.0002,Nms
0x6a6,678,MOMENTUM,WHEEL_MOMENTUM_BODY1,Wheel Momentum in Body,int16,0.0002,Nms
0x6a8,680,MOMENTUM,WHEEL_MOMENTUM_BODY2,Wheel Momentum in Body,int16,0.0002,Nms
0x6aa,682,MOMENTUM,WHEEL_MOMENTUM_BODY3,Wheel Momentum in Body,int16,0.0002,Nms
0x6ac,684,MOMENTUM,BUS_MOMENTUM_BODY1,Body Only Momentum in Body,int16,0.0002,Nms
0x6ae,686,MOMENTUM,BUS_MOMENTUM_BODY2,Body Only Momentum in Body,int16,0.0002,Nms
0x6b0,688,MOMENTUM,BUS_MOMENTUM_BODY3,Body Only Momentum in Body,int16,0.0002,Nms
0x6b2,690,MOMENTUM,CMD_MOMENTUM_INERTIAL1,Commanded Momentum in J2000 frame,int16,2.00E-06,Nms
0x6b4,692,MOMENTUM,CMD_MOMENTUM_INERTIAL2,Commanded Momentum in J2000 frame,int16,2.00E-06,Nms
0x6b6,694,MOMENTUM,CMD_MOMENTUM_INERTIAL3,Commanded Momentum in J2000 frame,int16,2.00E-06,Nms
0x6b8,696,MOMENTUM,DUTY_CYCLE1,Torque Rod Duty Cycle,int8,1,none
0x6b9,697,MOMENTUM,DUTY_CYCLE2,Torque Rod Duty Cycle,int8,1,none
0x6ba,698,MOMENTUM,DUTY_CYCLE3,Torque Rod Duty Cycle,int8,1,none
0x6bb,699,MOMENTUM,CYCLE_AVG_MAGNET_TORQUE1,Torque Rod Torque,int16,2.00E-08,Nm
0x6bd,701,MOMENTUM,CYCLE_AVG_MAGNET_TORQUE2,Torque Rod Torque,int16,2.00E-08,Nm
0x6bf,703,MOMENTUM,CYCLE_AVG_MAGNET_TORQUE3,Torque Rod Torque,int16,2.00E-08,Nm
0x6c1,705,MOMENTUM,TORQUE_ROD_MODE1,Torque Rod Ctrl Mode,uint8,1,0/OFF 1/ON_POS 2/ON_NEG 3/AUTO
0x6c2,706,MOMENTUM,TORQUE_ROD_MODE2,Torque Rod Ctrl Mode,uint8,1,0/OFF 1/ON_POS 2/ON_NEG 3/AUTO
0x6c3,707,MOMENTUM,TORQUE_ROD_MODE3,Torque Rod Ctrl Mode,uint8,1,0/OFF 1/ON_POS 2/ON_NEG 3/AUTO
0x6c4,708,MOMENTUM,MAG_SOURCE_SETTING,Mag Field Source Setting,uint8,1,4/MEASURED 5/MODELED
0x6c5,709,MOMENTUM,MAG_SOURCE_USED,Mag Field Source,uint8,1,4/MEASURED 5/MODELED
0x6c6,710,MOMENTUM,MOMENTUM_VECTOR_VALID,Momentum Vector Valid,uint8,1,1/YES 0/NO
0x6c7,711,MOMENTUM,MOMENTUM_VECTOR_ENABLED,Momentum Vector Enabled,uint8,1,1/YES 0/NO
0x6c8,712,MOMENTUM,TORQUE_ROD_ENABLE1,Torque Rod Enable,uint8,1,0/DS 1/EN
0x6c9,713,MOMENTUM,TORQUE_ROD_ENABLE2,Torque Rod Enable,uint8,1,0/DS 1/EN
0x6ca,714,MOMENTUM,TORQUE_ROD_ENABLE3,Torque Rod Enable,uint8,1,0/DS 1/EN
0x6cb,715,MOMENTUM,TORQUE_ROD_DIRECTION1,Torque Rod Direction,uint8,1,0/POS 1/NEG
0x6cc,716,MOMENTUM,TORQUE_ROD_DIRECTION2,Torque Rod Direction,uint8,1,0/POS 1/NEG
0x6cd,717,MOMENTUM,TORQUE_ROD_DIRECTION3,Torque Rod Direction,uint8,1,0/POS 1/NEG
0x6ce,718,CSS,SUN_VECTOR_BODY1,Meas Sun Body Vector,int16,0.0001,none
0x6d0,720,CSS,SUN_VECTOR_BODY2,Meas Sun Body Vector,int16,0.0001,none
0x6d2,722,CSS,SUN_VECTOR_BODY3,Meas Sun Body Vector,int16,0.0001,none
0x6d4,724,CSS,SUN_VECTOR_STATUS,Meas Sun Body Vector Status,uint8,1,0/GOOD 1/COARSE 2/BAD
0x6d5,725,CSS,NUM_DIODES_USED,Num CSS1 Diodes Used,uint8,1,none
0x6d6,726,CSS,NUM_DIODES_USED2,Num CSS2 Diodes Used,uint8,1,none
0x6d7,727,CSS,RAW_SUN_SENSOR_DATA1,Raw CSS1 Data,uint16,1,raw
0x6d9,729,CSS,RAW_SUN_SENSOR_DATA2,Raw CSS1 Data,uint16,1,raw
0x6db,731,CSS,RAW_SUN_SENSOR_DATA3,Raw CSS1 Data,uint16,1,raw
0x6dd,733,CSS,RAW_SUN_SENSOR_DATA4,Raw CSS1 Data,uint16,1,raw
0x6df,735,CSS,RAW_SUN_SENSOR_DATA21,Raw CSS2 Data,uint16,1,raw
0x6e1,737,CSS,RAW_SUN_SENSOR_DATA22,Raw CSS2 Data,uint16,1,raw
0x6e3,739,CSS,RAW_SUN_SENSOR_DATA23,Raw CSS2 Data,uint16,1,raw
0x6e5,741,CSS,RAW_SUN_SENSOR_DATA24,Raw CSS2 Data,uint16,1,raw
0x6e7,743,CSS,SUN_VECTOR_ENABLED,Sun Vector Enabled,uint8,1,1/YES 0/NO
0x6e8,744,CSS,CSS_TEST_MODE,CSS Test Mode,uint8,1,1/YES 0/NO
0x6e9,745,MAG,MAG_VECTOR_BODY1,Meas Mag Field Body,int16,5.00E-09,T
0x6eb,747,MAG,MAG_VECTOR_BODY2,Meas Mag Field Body,int16,5.00E-09,T
0x6ed,749,MAG,MAG_VECTOR_BODY3,Meas Mag Field Body,int16,5.00E-09,T
0x6ef,751,MAG,MAG_COMP_TEMP,Mag Compensation Temp,int16,0.005,degC
0x6f1,753,MAG,RAW_MAGNETOMETER_DATA1,Raw Mag Data,int16,0.1,raw
0x6f3,755,MAG,RAW_MAGNETOMETER_DATA2,Raw Mag Data,int16,0.1,raw
0x6f5,757,MAG,RAW_MAGNETOMETER_DATA3,Raw Mag Data,int16,0.1,raw
0x6f7,759,MAG,MAG_VECTOR_VALID,Meas Mag Field Valid,uint8,1,1/YES 0/NO
0x6f8,760,MAG,TEMP_SENSOR_USED,Temp Sensor Used,uint8,1,none
0x6f9,761,MAG,MAG_TEST_MODE,Mag Test Mode,uint8,1,1/YES 0/NO
0x6fa,762,IMU,AVG_CHANNEL_RATES1,IMU Channel Rate,int16,1.00E-05,rad/sec
0x6fc,764,IMU,AVG_CHANNEL_RATES2,IMU Channel Rate,int16,1.00E-05,rad/sec
0x6fe,766,IMU,AVG_CHANNEL_RATES3,IMU Channel Rate,int16,1.00E-05,rad/sec
0x700,768,IMU,IMU_AVG_VECTOR_BODY1,IMU Body Rate,int16,0.0005729577951308,deg/sec
0x702,770,IMU,IMU_AVG_VECTOR_BODY2,IMU Body Rate,int16,0.0005729577951308,deg/sec
0x704,772,IMU,IMU_AVG_VECTOR_BODY3,IMU Body Rate,int16,0.0005729577951308,deg/sec
0x706,774,IMU,IMU_TEMP,Imu Temp,int16,0.005,degC
0x708,776,IMU,AVG_TIME_TAG,IMU Body Rate Time Tag,uint32,1,usec
0x70c,780,IMU,RAW_FIRST_PACKET_RATES1,IMU Raw First Pkt Rate,int16,1,raw
0x70e,782,IMU,RAW_FIRST_PACKET_RATES2,IMU Raw First Pkt Rate,int16,1,raw
0x710,784,IMU,RAW_FIRST_PACKET_RATES3,IMU Raw First Pkt Rate,int16,1,raw
0x712,786,IMU,NEW_PACKET_COUNT,IMU Packet Count,uint8,1,none
0x713,787,IMU,FIRST_PACKET_ID,IMU First Packet ID,uint8,1,none
0x714,788,IMU,IMU_VECTOR_VALID,IMU Rate Valid,uint8,1,1/YES 0/NO
0x715,789,IMU,IMU_VECTOR_ENABLED,IMU Rate Enabled,uint8,1,1/YES 0/NO
0x716,790,IMU,IMU_TEST_MODE,IMU Test Mode,uint8,1,1/YES 0/NO
0x717,791,CLOCK_SYNC,COUNTS_PER_SEC,Counts Per Second,uint32,1,count/sec
0x71b,795,CLOCK_SYNC,GPS_PPS_TIME_USEC,GPS PPS Time Usec,uint32,1,usec
0x71f,799,CLOCK_SYNC,HR_RUN_COUNT,High Rate Run Count,uint32,1,none
0x723,803,CLOCK_SYNC,HR_TIME_USEC,High Rate Time Usec,uint32,1,usec
0x727,807,CLOCK_SYNC,HR_CYCLE_NUM,High Rate Cycle Num,uint32,1,none
0x72b,811,CLOCK_SYNC,VHR_CYCLE_NUM,Very High Rate Cycle Num,uint32,1,none
0x72f,815,CLOCK_SYNC,VHR_EXEC_TIME_MS,Very High Rate Duration,uint8,1,msec
0x730,816,CLOCK_SYNC,HR_EXEC_TIME_MS1,High Rate Duration,uint8,1,msec
0x731,817,CLOCK_SYNC,HR_EXEC_TIME_MS2,High Rate Duration,uint8,1,msec
0x732,818,CLOCK_SYNC,HR_EXEC_TIME_MS3,High Rate Duration,uint8,1,msec
0x733,819,CLOCK_SYNC,HR_EXEC_TIME_MS4,High Rate Duration,uint8,1,msec
0x734,820,CLOCK_SYNC,HR_EXEC_TIME_MS5,High Rate Duration,uint8,1,msec
0x735,821,CLOCK_SYNC,CLOCK_SYNC_ENABLE,Clock Sync Enable,uint8,1,none
0x736,822,TLM_PROC,TLM_TABLE_USED,Tlm Map ID,uint8,1,none
0x737,823,TLM_PROC,FILE_POINTER,Tlm File Pointer,uint32,1,words
0x73b,827,TLM_PROC,BUFFER_INDEX,Tlm File Buffer Index,uint8,1,none
0x73c,828,TLM_PROC,STREAMING,Tlm Streaming,uint8,1,1/YES 0/NO
0x73d,829,ANALOGS,VOLTAGE_5P0,Voltage_5p0,uint8,0.025,V
0x73e,830,ANALOGS,VOLTAGE_3P3,Voltage_3p3,uint8,0.015,V
0x73f,831,ANALOGS,VOLTAGE_2P5,Voltage_2p5,uint8,0.015,V
0x740,832,ANALOGS,VOLTAGE_1P8,Voltage_1p8,uint8,0.015,V
0x741,833,ANALOGS,VOLTAGE_1P0,Voltage_1p0,uint8,0.015,V
0x742,834,ANALOGS,BOX1_TEMP,Box 1 Temp,int16,0.005,degC
0x744,836,ANALOGS,MOTOR1_TEMP,Wheel 1 Temp,int16,0.005,degC
0x746,838,ANALOGS,MOTOR2_TEMP,Wheel 2 Temp,int16,0.005,degC
0x748,840,ANALOGS,MOTOR3_TEMP,Wheel 3 Temp,int16,0.005,degC
0x74a,842,ANALOGS,MOTOR4_TEMP,Wheel 4 Temp,int16,0.005,degC
0x74c,844,ANALOGS,BUS_VOLTAGE,Bus Voltage,int16,0.001,V
0x74e,846,TABLES,LENGTH32,Length,uint32,1,words
0x752,850,TABLES,OFFSET32,Offset,uint32,1,words
0x756,854,TABLES,CHECKSUM,Checksum,uint16,1,none
0x758,856,TABLES,TABLE_UPLOAD_STATUS,Table Upload Status,uint8,1,0/NEW_DATA_IN 1/COMMITTING 2/COMMITTED 3/EXTRACTING 4/EXTRACTED 5/CALCULATING_CRC 6/CRC_READY 7/INVALID_TABLE 8/IDLE 9/FLASH_BURN_COPY 10/FLASH_BURN_DIRECT 11/FLASH_EXTRACT 12/FLASH_BURN_DONE 13/FLASH_EXTRACT_DONE
0x759,857,TABLES,WHICH_TABLE,Which Table,uint8,1,none
0x75a,858,TABLES,IMAGE,Flash Image,uint8,1,none
0x75b,859,TABLES,FLASH_BURN_ARMED,Flash Burn Armed,uint8,1,none
0x75c,860,TRACKER2,ATTITUDE_ST1,Tracker Attitude,int32,4.88E-10,none
0x760,864,TRACKER2,ATTITUDE_ST2,Tracker Attitude,int32,4.88E-10,none
0x764,868,TRACKER2,ATTITUDE_ST3,Tracker Attitude,int32,4.88E-10,none
0x768,872,TRACKER2,ATTITUDE_ST4,Tracker Attitude,int32,4.88E-10,none
0x76c,876,TRACKER2,RATE_EST1,Tracker Rate,int16,2.50E-06,rad/sec
0x76e,878,TRACKER2,RATE_EST2,Tracker Rate,int16,2.50E-06,rad/sec
0x770,880,TRACKER2,RATE_EST3,Tracker Rate,int16,2.50E-06,rad/sec
0x772,882,TRACKER2,RIGHT_ASC,Tracker Right Ascension,uint16,0.0055,deg
0x774,884,TRACKER2,DECLINATION,Tracker Declination,int16,0.0055,deg
0x776,886,TRACKER2,ROLL,Tracker Roll,int16,0.0055,deg
0x778,888,TRACKER2,ATT_COVARIANCE1,Attitude Covariance,int32,1.47E-14,none
0x77c,892,TRACKER2,ATT_COVARIANCE2,Attitude Covariance,int32,1.47E-14,none
0x780,896,TRACKER2,ATT_COVARIANCE3,Attitude Covariance,int32,1.47E-14,none
0x784,900,TRACKER2,ATT_COVARIANCE4,Attitude Covariance,int32,1.47E-14,none
0x788,904,TRACKER2,ATT_COVARIANCE5,Attitude Covariance,int32,1.47E-14,none
0x78c,908,TRACKER2,ATT_COVARIANCE6,Attitude Covariance,int32,1.47E-14,none
0x790,912,TRACKER2,MAXIMUM_RESIDUAL,Maximum Residual,uint8,1,arcsec
0x791,913,TRACKER2,MAXIMUM_RESIDUAL_INIT,Max Residual 1st pass,uint8,1,arcsec
0x792,914,TRACKER2,ANALOG_GAIN_EU,Analog Gain,uint8,0.5,none
0x793,915,TRACKER2,MAG_BRIGHT,Bright Magnitude Limit,uint8,0.04,none
0x794,916,TRACKER2,MAG_DIM,Dim Magnitude Limit,uint8,0.04,none
0x795,917,TRACKER2,PEAK_NOISE_ALL_TRK_BLKS,Peak 3-Sigma Noise,uint8,4,counts
0x796,918,TRACKER2,PEAK_BCKGND_ALL_TRK_BLKS,Peak Mean Background,uint8,4,counts
0x797,919,TRACKER2,MEDIAN_NOISE_ALL_TRK_BLKS,Median 3-Sigma noise,uint8,4,counts
0x798,920,TRACKER2,MEDIAN_BCKGND_ALL_TRK_BLKS,Median Mean Bkgd,uint8,4,counts
0x799,921,TRACKER2,FOV_RATE_X,FOV Rate X,int16,5.00E-06,rad/sec
0x79b,923,TRACKER2,FOV_RATE_Y,FOV Rate Y,int16,5.00E-06,rad/sec
0x79d,925,TRACKER2,OPERATING_MODE,Tracker Operating Mode,uint8,1,0/IDLE 1/INITIALIZE 2/STARID 3/TRACK 4/PHOTO 5/CAL
0x79e,926,TRACKER2,STAR_ID_STEP,Star ID Step,uint8,1,0/IDLE 1/INITIALIZE 2/WAITING_FOR_IMAGE1  3/WAITING_FOR_IMAGE2 4/CALCULATE_RATE 5/MAKE_UNIT_VECTORS 6/AWAITING_TRISTAR 7/OK_Found_4 8/OK_Found_3 9/TIME_OUT 11/NO_MATCH
0x79f,927,TRACKER2,ID_STATUS,Star ID Status,uint8,1,0/IDLE 1/INITIALIZE 2/WAITING_FOR_IMAGE1  3/WAITING_FOR_IMAGE2 4/CALCULATE_RATE 5/MAKE_UNIT_VECTORS 6/AWAITING_TRISTAR 7/OK_Found_4 8/OK_Found_3 9/TIME_OUT 11/NO_MATCH
0x7a0,928,TRACKER2,ID_STATUS_SAVE,Star ID Status Saved,uint8,1,0/IDLE 1/INITIALIZE 2/WAITING_FOR_IMAGE1  3/WAITING_FOR_IMAGE2 4/CALCULATE_RATE 5/MAKE_UNIT_VECTORS 6/AWAITING_TRISTAR 7/OK_Found_4 8/OK_Found_3 9/TIME_OUT 11/NO_MATCH
0x7a1,929,TRACKER2,ATT_STATUS,Tracker Attitude Status,uint8,1,0/OK 1/PENDING 2/BAD 3/TOO_FEW_STARS 4/QUEST_FAILED 5/RESIDUALS_TOO_HIGH
,,,,,,,25/RATE_TOO_HIGH
0x7a2,930,TRACKER2,RATE_EST_STATUS,Tracker Rate Est Status,uint8,1,0/OK 2/BAD
0x7a3,931,TRACKER2,RATE_AID_STATUS,Rate Aid Status,uint8,1,0/OK 2/BAD
0x7a4,932,TRACKER2,VEL_AID_STATUS,Velocity Aid Status,uint8,1,0/OK 2/BAD
0x7a5,933,TRACKER2,ATT_AID_STATUS,Attitude Aid Status,uint8,1,0/OK 2/BAD
0x7a6,934,TRACKER2,VECTOR_AID_STATUS,Vector Aid Status,uint8,1,0/OK 2/BAD
0x7a7,935,TRACKER2,ATT_TIME_TAG,Star Tracker Time Tag,uint32,1,usec
0x7ab,939,TRACKER2,NUM_ID_PATTERNS_TRIED,Num ID Patterns Tried,uint32,1,none
0x7af,943,TRACKER2,PIXEL_AMP_THRESHOLD,Pixel Ampl Threshold,uint8,4,counts
0x7b0,944,TRACKER2,AMPLITUDE_OFFSET,Amplitude Offset,uint8,1,counts
0x7b1,945,TRACKER2,CURRENT_TINT,Current Tint,uint32,1,usec
0x7b5,949,TRACKER2,VIDEO_ADDRESS,Video Start Address,uint32,1,none
0x7b9,953,TRACKER2,START_SET_TIME,StartSetTime,uint32,1,none
0x7bd,957,TRACKER2,MEM_DET_TRIGGER_DELAY,MemDetTriggerDelay,uint32,1,none
0x7c1,961,TRACKER2,IMAGE_READ_DT,ImageReadDt,uint32,1,none
0x7c5,965,TRACKER2,MAXIMUM_RESIDUAL_ID,Maximum Residual ID,uint16,1,none
0x7c7,967,TRACKER2,MAXIMUM_RESIDUAL_ID_INIT,Max Residual ID 1st pass,uint16,1,none
0x7c9,969,TRACKER2,MAX_ROW_BCKGND_POST_COMP,Max Background Level,uint16,1,counts
0x7cb,971,TRACKER2,EXCLUDED_ID,Latest Excluded Star ID,uint16,1,none
0x7cd,973,TRACKER2,ID_STARS1,Stars Used For Pattern Match,uint16,1,none
0x7cf,975,TRACKER2,ID_STARS2,Stars Used For Pattern Match,uint16,1,none
0x7d1,977,TRACKER2,ID_STARS3,Stars Used For Pattern Match,uint16,1,none
0x7d3,979,TRACKER2,ID_STARS4,Stars Used For Pattern Match,uint16,1,none
0x7d5,981,TRACKER2,NUM_PIX_GROUPS_FOR_ID,Num Pixel Groups,uint8,1,none
0x7d6,982,TRACKER2,ID_TOLERANCE,StarID Tolerance,uint8,1,arcsec
0x7d7,983,TRACKER2,NUM_OF_ATT_LOOPS,Num Attitude Loops,uint8,1,none
0x7d8,984,TRACKER2,NUM_ATTITUDE_STARS,Num Stars Used in Att,uint8,1,none
0x7d9,985,TRACKER2,NUM_STARS_HIGH_RESIDUAL,Num Stars High Residual,uint8,1,none
0x7da,986,TRACKER2,AUTO_BLACK_ENABLE,Auto Black Enable,uint8,1,1/YES 0/NO
0x7db,987,TRACKER2,BLACK_LEVEL,Black Level,uint8,1,counts
0x7dc,988,TRACKER2,NUM_STARS_ON_FOV,Num Stars on FOV,uint8,1,none
0x7dd,989,TRACKER2,NUM_TRACK_BLOCKS_ISSUED,Num Track Blocks Issued,uint8,1,none
0x7de,990,TRACKER2,NUM_TRACK_STARS,Num Tracked Stars,uint8,1,none
0x7df,991,TRACKER2,NUM_ID_STARS,Num ID Stars,uint8,1,none
0x7e0,992,TRACKER2,FS_WCOUNTER,FSW Counter,uint8,1,STcycles
0x7e1,993,TRACKER2,AUTO_TRACK,Auto Track from Star ID,uint8,1,1/YES 0/NO
0x7e2,994,TRACKER2,AUTO_INTEGRATION,Auto Integration Adjust,uint8,1,1/YES 0/NO
0x7e3,995,TRACKER2,AUTO_GAIN,Auto Gain Adjust,uint8,1,1/YES 0/NO
0x7e4,996,TRACKER2,TEST_MODE,Test Mode,uint8,1,TBD
0x7e5,997,TRACKER2,FPGA_DET_TIMEOUT,Fpga Detector Timeout,uint8,1,1/YES 0/NO
0x7e6,998,TRACKER2,STORE_SEQ_IMAGES,Store Sequential Images,uint8,1,1/YES 0/NO
0x7e7,999,TRACKER2,TRACK_REF_AVAILABLE,Track Ref Available,uint8,1,1/YES 0/NO
0x7e8,1000,TRACKER2,NUM_EXCLUSIONS,Number of Stars in Exclusion List,uint8,1,none
0x7e9,1001,TRACKER2,ID_WAIT_COUNTER,TriStar Execution Time,uint8,1,STcycles
0x7ea,1002,TRACKER2,IMAGE_INDEX,Current Image Index,uint8,1,none
0x7eb,1003,TRACKER2,REF_INDEX,Reference Image Index,uint8,1,none
0x7ec,1004,TRACKER2,TRACK_ROWS,Track Block Row Size,uint8,1,pixels
0x7ed,1005,TRACKER2,TRACK_COLS,Track Block Col Size,uint8,1,pixels
0x7ee,1006,TRACKER2,NUM_BRIGHT_STARS,Number of Bright Stars,uint8,1,none
0x7ef,1007,TRACKER2,IMAGE_FILTER_ENABLED,Image Filter Enabled,uint8,1,none
0x7f0,1008,GPS,MS_GPOSITION1,MSG position,int32,0.02,m
0x7f4,1012,GPS,MS_GPOSITION2,MSG position,int32,0.02,m
0x7f8,1016,GPS,MS_GPOSITION3,MSG position,int32,0.02,m
0x7fc,1020,GPS,MS_GVELOCITY1,MSG velocity,int32,5.00E-06,m/s
0x800,1024,GPS,MS_GVELOCITY2,MSG velocity,int32,5.00E-06,m/s
0x804,1028,GPS,MS_GVELOCITY3,MSG velocity,int32,5.00E-06,m/s
0x808,1032,GPS,TIME,Time from GPS,int32,1,none
0x80c,1036,GPS,POSITION_ECEF1,GPS Position ECEF,int32,2.00E-05,km
0x810,1040,GPS,POSITION_ECEF2,GPS Position ECEF,int32,2.00E-05,km
0x814,1044,GPS,POSITION_ECEF3,GPS Position ECEF,int32,2.00E-05,km
0x818,1048,GPS,VELOCITY_ECEF1,GPS Velocity ECEF,int32,5.00E-09,km/s
0x81c,1052,GPS,VELOCITY_ECEF2,GPS Velocity ECEF,int32,5.00E-09,km/s
0x820,1056,GPS,VELOCITY_ECEF3,GPS Velocity ECEF,int32,5.00E-09,km/s
0x824,1060,GPS,MS_GVELOCITY_LATENCY,MSG Velocity Latency,uint16,1,sec
0x826,1062,GPS,SAMPLE_USEC_CT,Last Valid Data PPS Usec,uint32,1,usec
0x82a,1066,GPS,CYCLES_SINCE_LATEST_DATA,Cycles Since Valid GPS Data,uint32,1,none
0x82e,1070,GPS,MS_GPOSITION_SOLUTION_STATUS,MSG Pos Soln Status,uint32,1,See GPS ICD
0x832,1074,GPS,MS_GVELOCITY_SOLUTION_STATUS,MSG Vel Soln Status,uint32,1,See GPS ICD
0x836,1078,GPS,MS_GHARDWARE_PPS_COUNT,MSG Hardware PPS Count,uint32,1,none
0x83a,1082,GPS,MS_GRECEIVED_PACKET_COUNT,MSG Received Packet Count,uint32,1,none
0x83e,1086,GPS,MS_GGPS_REFERENCE_MILLISECOND,MSG Reference Ms,uint32,1,msec
0x842,1090,GPS,MS_GGPS_REFERENCE_WEEK,MSG Reference Week,uint16,1,weeks
0x844,1092,GPS,MS_GGPS_REFERENCE_TIME_STATUS,MSG Reference Time Status,uint8,1,See GPS ICD
0x845,1093,GPS,MS_GTRACKED_SATELLITES,MSG Tracked Sats,uint8,1,none
0x846,1094,GPS,MS_GUSED_SATELLITES,MSG Used Sats,uint8,1,none
0x847,1095,GPS,MSG_DATA_VALID,MSG Decode Successful,uint8,1,1/YES 0/NO
0x848,1096,GPS,GPS_VALID,GPS Valid,uint8,1,1/YES 0/NO
0x849,1097,GPS,GPS_ENABLE,GPS Enabled,uint8,1,1/YES 0/NO
0x84a,1098,GPS,NEW_DATA_RECEIVED,New GPS Data Received,uint8,1,1/YES 0/NO
0x84b,1099,CAL,Q_TRACKER_WRT_BODY1,Q Tracker wrt Body Used,int32,1.00E-09,none
0x84f,1103,CAL,Q_TRACKER_WRT_BODY2,Q Tracker wrt Body Used,int32,1.00E-09,none
0x853,1107,CAL,Q_TRACKER_WRT_BODY3,Q Tracker wrt Body Used,int32,1.00E-09,none
0x857,1111,CAL,Q_TRACKER_WRT_BODY4,Q Tracker wrt Body Used,int32,1.00E-09,none
0x85b,1115,CAL,Q_TRACKER_WRT_BODY5,Q Tracker wrt Body Used,int32,1.00E-09,none
0x85f,1119,CAL,Q_TRACKER_WRT_BODY6,Q Tracker wrt Body Used,int32,1.00E-09,none
0x863,1123,CAL,Q_TRACKER_WRT_BODY7,Q Tracker wrt Body Used,int32,1.00E-09,none
0x867,1127,CAL,Q_TRACKER_WRT_BODY8,Q Tracker wrt Body Used,int32,1.00E-09,none
0x86b,1131,CAL,Q_TRACKER_WRT_BODY_EST1,Q Tracker wrt Body Estimate,int32,1.00E-09,none
0x86f,1135,CAL,Q_TRACKER_WRT_BODY_EST2,Q Tracker wrt Body Estimate,int32,1.00E-09,none
0x873,1139,CAL,Q_TRACKER_WRT_BODY_EST3,Q Tracker wrt Body Estimate,int32,1.00E-09,none
0x877,1143,CAL,Q_TRACKER_WRT_BODY_EST4,Q Tracker wrt Body Estimate,int32,1.00E-09,none
0x87b,1147,CAL,Q_TRACKER_WRT_BODY_EST5,Q Tracker wrt Body Estimate,int32,1.00E-09,none
0x87f,1151,CAL,Q_TRACKER_WRT_BODY_EST6,Q Tracker wrt Body Estimate,int32,1.00E-09,none
0x883,1155,CAL,Q_TRACKER_WRT_BODY_EST7,Q Tracker wrt Body Estimate,int32,1.00E-09,none
0x887,1159,CAL,Q_TRACKER_WRT_BODY_EST8,Q Tracker wrt Body Estimate,int32,1.00E-09,none
0x88b,1163,CAL,TRACKER_ALIGN_USED_RES1,Tracker Alignment Used Residual,int32,1.00E-09,rad
0x88f,1167,CAL,TRACKER_ALIGN_USED_RES2,Tracker Alignment Used Residual,int32,1.00E-09,rad
0x893,1171,CAL,TRACKER_ALIGN_USED_RES3,Tracker Alignment Used Residual,int32,1.00E-09,rad
0x897,1175,CAL,TRACKER_ALIGN_EST_RES1,Tracker Alignment Estimate Residual,int32,1.00E-09,rad
0x89b,1179,CAL,TRACKER_ALIGN_EST_RES2,Tracker Alignment Estimate Residual,int32,1.00E-09,rad
0x89f,1183,CAL,TRACKER_ALIGN_EST_RES3,Tracker Alignment Estimate Residual,int32,1.00E-09,rad
0x8a3,1187,CAL,REJECTED_TRACKER_EST_COUNT,Rejected Tracker Align Est Count,uint32,1,none
0x8a7,1191,CAL,TRACKER_N,Tracker Alignment N Parameter,uint16,1,none
0x8a9,1193,CAL,TRACKER_ALIGN_METHOD,Tracker Alignment Method,uint8,1,0/BATCH  1/RUNNING
0x8aa,1194,CAL,TRACKER_ALIGN_USAGE,Tracker Alignment Usage Config,uint8,1,0/TABLE  1/DYN
0x8ab,1195,TRACKER_CTRL,Q_TRACKER_WRT_BODY1,Q Tracker wrt Body,int32,1.00E-09,none
0x8af,1199,TRACKER_CTRL,Q_TRACKER_WRT_BODY2,Q Tracker wrt Body,int32,1.00E-09,none
0x8b3,1203,TRACKER_CTRL,Q_TRACKER_WRT_BODY3,Q Tracker wrt Body,int32,1.00E-09,none
0x8b7,1207,TRACKER_CTRL,Q_TRACKER_WRT_BODY4,Q Tracker wrt Body,int32,1.00E-09,none
0x8bb,1211,TRACKER_CTRL,Q_TRACKER_WRT_BODY5,Q Tracker wrt Body,int32,1.00E-09,none
0x8bf,1215,TRACKER_CTRL,Q_TRACKER_WRT_BODY6,Q Tracker wrt Body,int32,1.00E-09,none
0x8c3,1219,TRACKER_CTRL,Q_TRACKER_WRT_BODY7,Q Tracker wrt Body,int32,1.00E-09,none
0x8c7,1223,TRACKER_CTRL,Q_TRACKER_WRT_BODY8,Q Tracker wrt Body,int32,1.00E-09,none
0x8cb,1227,TRACKER_CTRL,Q_BODY_WRT_ECI1,Q Body wrt ECI (Raw Tracker),int32,1.00E-09,none
0x8cf,1231,TRACKER_CTRL,Q_BODY_WRT_ECI2,Q Body wrt ECI (Raw Tracker),int32,1.00E-09,none
0x8d3,1235,TRACKER_CTRL,Q_BODY_WRT_ECI3,Q Body wrt ECI (Raw Tracker),int32,1.00E-09,none
0x8d7,1239,TRACKER_CTRL,Q_BODY_WRT_ECI4,Q Body wrt ECI (Raw Tracker),int32,1.00E-09,none
0x8db,1243,TRACKER_CTRL,Q_BODY_WRT_ECI5,Q Body wrt ECI (Raw Tracker),int32,1.00E-09,none
0x8df,1247,TRACKER_CTRL,Q_BODY_WRT_ECI6,Q Body wrt ECI (Raw Tracker),int32,1.00E-09,none
0x8e3,1251,TRACKER_CTRL,Q_BODY_WRT_ECI7,Q Body wrt ECI (Raw Tracker),int32,1.00E-09,none
0x8e7,1255,TRACKER_CTRL,Q_BODY_WRT_ECI8,Q Body wrt ECI (Raw Tracker),int32,1.00E-09,none
0x8eb,1259,TRACKER_CTRL,TRACKER_ATT_VALID1,Tracker Valid Flag,uint8,1,1/YES 0/NO
0x8ec,1260,TRACKER_CTRL,TRACKER_ATT_VALID2,Tracker Valid Flag,uint8,1,1/YES 0/NO
0x8ed,1261,TRACKER_CTRL,TRACKER_USAGE_ENABLED1,Tracker Usage Enabled,uint8,1,1/YES 0/NO
0x8ee,1262,TRACKER_CTRL,TRACKER_USAGE_ENABLED2,Tracker Usage Enabled,uint8,1,1/YES 0/NO
0x8ef,1263,TRACKER_CTRL,MAX_BACKGND_TRIPPED1,Exceeded Max Background,uint8,1,1/YES 0/NO
0x8f0,1264,TRACKER_CTRL,MAX_BACKGND_TRIPPED2,Exceeded Max Background,uint8,1,1/YES 0/NO
0x8f1,1265,TRACKER_CTRL,MAX_ROT_RATE_TRIPPED1,Exceeded Max Rotation Rate,uint8,1,1/YES 0/NO
0x8f2,1266,TRACKER_CTRL,MAX_ROT_RATE_TRIPPED2,Exceeded Max Rotation Rate,uint8,1,1/YES 0/NO
0x8f3,1267,TRACKER_CTRL,MIN_SUN_ANGLE_TRIPPED1,Exceeded Min Sun Angle,uint8,1,1/YES 0/NO
0x8f4,1268,TRACKER_CTRL,MIN_SUN_ANGLE_TRIPPED2,Exceeded Min Sun Angle,uint8,1,1/YES 0/NO
0x8f5,1269,TRACKER_CTRL,MIN_EARTH_ANGLE_TRIPPED1,Exceeded Min Earth Angle,uint8,1,1/YES 0/NO
0x8f6,1270,TRACKER_CTRL,MIN_EARTH_ANGLE_TRIPPED2,Exceeded Min Earth Angle,uint8,1,1/YES 0/NO
0x8f7,1271,TRACKER_CTRL,MIN_MOON_ANGLE_TRIPPED1,Exceeded Min Moon Angle,uint8,1,1/YES 0/NO
0x8f8,1272,TRACKER_CTRL,MIN_MOON_ANGLE_TRIPPED2,Exceeded Min Moon Angle,uint8,1,1/YES 0/NO
0x8f9,1273,TRACKER_CTRL,AID_STATUS1,Tracker Aiding Status,uint8,1,bitpack (see User Guide)
0x8fa,1274,TRACKER_CTRL,AID_STATUS2,Tracker Aiding Status,uint8,1,bitpack (see User Guide)
0x8fb,1275,EXT_TRACKER,L01,Submap: LEON L0,uint8,1,none
0x8fc,1276,EXT_TRACKER,L02,Submap: LEON L0,uint8,1,none
0x8fd,1277,EXT_TRACKER,L03,Submap: LEON L0,uint8,1,none
0x8fe,1278,EXT_TRACKER,L04,Submap: LEON L0,uint8,1,none
0x8ff,1279,EXT_TRACKER,L05,Submap: LEON L0,uint8,1,none
0x900,1280,EXT_TRACKER,L06,Submap: LEON L0,uint8,1,none
0x901,1281,EXT_TRACKER,L07,Submap: LEON L0,uint8,1,none
0x902,1282,EXT_TRACKER,L08,Submap: LEON L0,uint8,1,none
0x903,1283,EXT_TRACKER,L09,Submap: LEON L0,uint8,1,none
0x904,1284,EXT_TRACKER,L010,Submap: LEON L0,uint8,1,none
0x905,1285,EXT_TRACKER,L011,Submap: LEON L0,uint8,1,none
0x906,1286,EXT_TRACKER,L012,Submap: LEON L0,uint8,1,none
0x907,1287,EXT_TRACKER,L013,Submap: LEON L0,uint8,1,none
0x908,1288,EXT_TRACKER,L014,Submap: LEON L0,uint8,1,none
0x909,1289,EXT_TRACKER,L015,Submap: LEON L0,uint8,1,none
0x90a,1290,EXT_TRACKER,L016,Submap: LEON L0,uint8,1,none
0x90b,1291,EXT_TRACKER,L017,Submap: LEON L0,uint8,1,none
0x90c,1292,EXT_TRACKER,L018,Submap: LEON L0,uint8,1,none
0x90d,1293,EXT_TRACKER,L019,Submap: LEON L0,uint8,1,none
0x90e,1294,EXT_TRACKER,L020,Submap: LEON L0,uint8,1,none
0x90f,1295,EXT_TRACKER,L021,Submap: LEON L0,uint8,1,none
0x910,1296,EXT_TRACKER,L022,Submap: LEON L0,uint8,1,none
0x911,1297,EXT_TRACKER,L023,Submap: LEON L0,uint8,1,none
0x912,1298,EXT_TRACKER,L024,Submap: LEON L0,uint8,1,none
0x913,1299,EXT_TRACKER,L025,Submap: LEON L0,uint8,1,none
0x914,1300,EXT_TRACKER,L026,Submap: LEON L0,uint8,1,none
0x915,1301,EXT_TRACKER,L027,Submap: LEON L0,uint8,1,none
0x916,1302,EXT_TRACKER,L028,Submap: LEON L0,uint8,1,none
0x917,1303,EXT_TRACKER,L029,Submap: LEON L0,uint8,1,none
0x918,1304,EXT_TRACKER,L030,Submap: LEON L0,uint8,1,none
0x919,1305,EXT_TRACKER,L031,Submap: LEON L0,uint8,1,none
0x91a,1306,EXT_TRACKER,L032,Submap: LEON L0,uint8,1,none
0x91b,1307,EXT_TRACKER,CMD_STATUS,External NST 1 Command Accept Status,uint8,1,0/OK 1/BAD_APID 2/BAD_OPCODE 3/BAD_DATA 7/NO_CMD_DATA 8/CMD_SRVC_OVERRUN 9/CMD_APID_OVERRUN 12/TABLES_BUSY 13/FLASH_NOT_ARMED 14/THRUSTERS_NOT_ENABLED 15/ATT_ERR_TOO_HIGH 16/ASYNC_REFUSED
0x91c,1308,EXT_TRACKER,CMD_REJECT_STATUS,External NST 1 Command Reject Status,uint8,1,0/OK 1/BAD_APID 2/BAD_OPCODE 3/BAD_DATA 7/NO_CMD_DATA 8/CMD_SRVC_OVERRUN 9/CMD_APID_OVERRUN 12/TABLES_BUSY 13/FLASH_NOT_ARMED 14/THRUSTERS_NOT_ENABLED 15/ATT_ERR_TOO_HIGH 16/ASYNC_REFUSED
0x91d,1309,EXT_TRACKER,CMD_ACCEPT_COUNT,Command Accept Count,uint8,1,none
0x91e,1310,EXT_TRACKER,CMD_REJECT_COUNT,Command Reject Count,uint8,1,none
0x91f,1311,EXT_TRACKER,LAST_ACC_CMD_BYTES1,Last Accept Cmd Bytes,uint8,1,none
0x920,1312,EXT_TRACKER,LAST_ACC_CMD_BYTES2,Last Accept Cmd Bytes,uint8,1,none
0x921,1313,EXT_TRACKER,LAST_ACC_CMD_BYTES3,Last Accept Cmd Bytes,uint8,1,none
0x922,1314,EXT_TRACKER,LAST_ACC_CMD_BYTES4,Last Accept Cmd Bytes,uint8,1,none
0x923,1315,EXT_TRACKER,LAST_ACC_CMD_BYTES5,Last Accept Cmd Bytes,uint8,1,none
0x924,1316,EXT_TRACKER,LAST_ACC_CMD_BYTES6,Last Accept Cmd Bytes,uint8,1,none
0x925,1317,EXT_TRACKER,LAST_ACC_CMD_BYTES7,Last Accept Cmd Bytes,uint8,1,none
0x926,1318,EXT_TRACKER,LAST_ACC_CMD_BYTES8,Last Accept Cmd Bytes,uint8,1,none
0x927,1319,EXT_TRACKER,LAST_REJ_CMD_BYTES1,Last Reject Cmd Bytes,uint8,1,none
0x928,1320,EXT_TRACKER,LAST_REJ_CMD_BYTES2,Last Reject Cmd Bytes,uint8,1,none
0x929,1321,EXT_TRACKER,LAST_REJ_CMD_BYTES3,Last Reject Cmd Bytes,uint8,1,none
0x92a,1322,EXT_TRACKER,LAST_REJ_CMD_BYTES4,Last Reject Cmd Bytes,uint8,1,none
0x92b,1323,EXT_TRACKER,LAST_REJ_CMD_BYTES5,Last Reject Cmd Bytes,uint8,1,none
0x92c,1324,EXT_TRACKER,LAST_REJ_CMD_BYTES6,Last Reject Cmd Bytes,uint8,1,none
0x92d,1325,EXT_TRACKER,LAST_REJ_CMD_BYTES7,Last Reject Cmd Bytes,uint8,1,none
0x92e,1326,EXT_TRACKER,LAST_REJ_CMD_BYTES8,Last Reject Cmd Bytes,uint8,1,none
0x92f,1327,EXT_TRACKER,SOFTWARE_VERSION1,Software Version Code,uint32,1,none
0x933,1331,EXT_TRACKER,SOFTWARE_VERSION2,Software Version Code,uint32,1,none
0x937,1335,EXT_TRACKER,HARDWARE_VERSION,Hardware Version Code,uint32,1,none
0x93b,1339,EXT_TRACKER,COUNTS_PER_SEC,Counts Per Second,uint32,1,count/sec
0x93f,1343,EXT_TRACKER,HR_RUN_COUNT,High Rate Run Count,uint32,1,none
0x943,1347,EXT_TRACKER,HR_TIME_USEC,High Rate Time Usec,uint32,1,usec
0x947,1351,EXT_TRACKER,CYCLES_SINCE_PPS,HR Cycles Since Last PPS,uint32,1,none
0x94b,1355,EXT_TRACKER,HR_EXEC_TIME_MS1,High Rate Duration msec,uint8,1,none
0x94c,1356,EXT_TRACKER,HR_EXEC_TIME_MS2,High Rate Duration msec,uint8,1,none
0x94d,1357,EXT_TRACKER,HR_EXEC_TIME_MS3,High Rate Duration msec,uint8,1,none
0x94e,1358,EXT_TRACKER,HR_EXEC_TIME_MS4,High Rate Duration msec,uint8,1,none
0x94f,1359,EXT_TRACKER,HR_EXEC_TIME_MS5,High Rate Duration msec,uint8,1,none
0x950,1360,EXT_TRACKER,CLOCK_SYNC_ENABLE,Clock Sync Enable,uint8,1,none
0x951,1361,EXT_TRACKER,VOLTAGE_5P0,Voltage_5p0,uint8,0.025,V
0x952,1362,EXT_TRACKER,VOLTAGE_3P3,Voltage_3p3,uint8,0.015,V
0x953,1363,EXT_TRACKER,VOLTAGE_2P5,Voltage_2p5,uint8,0.015,V
0x954,1364,EXT_TRACKER,VOLTAGE_1P8,Voltage_1p8,uint8,0.015,V
0x955,1365,EXT_TRACKER,VOLTAGE_1P0,Voltage_1p0,uint8,0.015,V
0x956,1366,EXT_TRACKER,DET_TEMP,Tracker Detector temperature,int8,0.8,degC
0x957,1367,EXT_TRACKER,LENGTH32,Length,uint32,1,words
0x95b,1371,EXT_TRACKER,OFFSET32,Offset,uint32,1,words
0x95f,1375,EXT_TRACKER,CHECKSUM,Checksum,uint16,1,none
0x961,1377,EXT_TRACKER,TABLE_UPLOAD_STATUS,Table Upload Status,uint8,1,0/NEW_DATA_IN 1/COMMITTING 2/COMMITTED 3/EXTRACTING 4/EXTRACTED 5/CALCULATING_CRC 6/CRC_READY 7/INVALID_TABLE 8/IDLE 9/FLASH_BURN_COPY 10/FLASH_BURN_DIRECT 11/FLASH_EXTRACT 12/FLASH_BURN_DONE 13/FLASH_EXTRACT_DONE
0x962,1378,EXT_TRACKER,WHICH_TABLE,Which Table,uint8,1,none
0x963,1379,EXT_TRACKER,IMAGE,Flash Image,uint8,1,none
0x964,1380,EXT_TRACKER,FLASH_BURN_ARMED,Flash Burn Armed,uint8,1,none
0x965,1381,EXT_TRACKER2,L01,Submap: LEON L0,uint8,1,none
0x966,1382,EXT_TRACKER2,L02,Submap: LEON L0,uint8,1,none
0x967,1383,EXT_TRACKER2,L03,Submap: LEON L0,uint8,1,none
0x968,1384,EXT_TRACKER2,L04,Submap: LEON L0,uint8,1,none
0x969,1385,EXT_TRACKER2,L05,Submap: LEON L0,uint8,1,none
0x96a,1386,EXT_TRACKER2,L06,Submap: LEON L0,uint8,1,none
0x96b,1387,EXT_TRACKER2,L07,Submap: LEON L0,uint8,1,none
0x96c,1388,EXT_TRACKER2,L08,Submap: LEON L0,uint8,1,none
0x96d,1389,EXT_TRACKER2,L09,Submap: LEON L0,uint8,1,none
0x96e,1390,EXT_TRACKER2,L010,Submap: LEON L0,uint8,1,none
0x96f,1391,EXT_TRACKER2,L011,Submap: LEON L0,uint8,1,none
0x970,1392,EXT_TRACKER2,L012,Submap: LEON L0,uint8,1,none
0x971,1393,EXT_TRACKER2,L013,Submap: LEON L0,uint8,1,none
0x972,1394,EXT_TRACKER2,L014,Submap: LEON L0,uint8,1,none
0x973,1395,EXT_TRACKER2,L015,Submap: LEON L0,uint8,1,none
0x974,1396,EXT_TRACKER2,L016,Submap: LEON L0,uint8,1,none
0x975,1397,EXT_TRACKER2,L017,Submap: LEON L0,uint8,1,none
0x976,1398,EXT_TRACKER2,L018,Submap: LEON L0,uint8,1,none
0x977,1399,EXT_TRACKER2,L019,Submap: LEON L0,uint8,1,none
0x978,1400,EXT_TRACKER2,L020,Submap: LEON L0,uint8,1,none
0x979,1401,EXT_TRACKER2,L021,Submap: LEON L0,uint8,1,none
0x97a,1402,EXT_TRACKER2,L022,Submap: LEON L0,uint8,1,none
0x97b,1403,EXT_TRACKER2,L023,Submap: LEON L0,uint8,1,none
0x97c,1404,EXT_TRACKER2,L024,Submap: LEON L0,uint8,1,none
0x97d,1405,EXT_TRACKER2,L025,Submap: LEON L0,uint8,1,none
0x97e,1406,EXT_TRACKER2,L026,Submap: LEON L0,uint8,1,none
0x97f,1407,EXT_TRACKER2,L027,Submap: LEON L0,uint8,1,none
0x980,1408,EXT_TRACKER2,L028,Submap: LEON L0,uint8,1,none
0x981,1409,EXT_TRACKER2,L029,Submap: LEON L0,uint8,1,none
0x982,1410,EXT_TRACKER2,L030,Submap: LEON L0,uint8,1,none
0x983,1411,EXT_TRACKER2,L031,Submap: LEON L0,uint8,1,none
0x984,1412,EXT_TRACKER2,L032,Submap: LEON L0,uint8,1,none
0x985,1413,EXT_TRACKER2,CMD_STATUS,External NST 2 Command Accept Status,uint8,1,0/OK 1/BAD_APID 2/BAD_OPCODE 3/BAD_DATA 7/NO_CMD_DATA 8/CMD_SRVC_OVERRUN 9/CMD_APID_OVERRUN 12/TABLES_BUSY 13/FLASH_NOT_ARMED 14/THRUSTERS_NOT_ENABLED 15/ATT_ERR_TOO_HIGH 16/ASYNC_REFUSED
0x986,1414,EXT_TRACKER2,CMD_REJECT_STATUS,External NST 2 Command Reject Status,uint8,1,0/OK 1/BAD_APID 2/BAD_OPCODE 3/BAD_DATA 7/NO_CMD_DATA 8/CMD_SRVC_OVERRUN 9/CMD_APID_OVERRUN 12/TABLES_BUSY 13/FLASH_NOT_ARMED 14/THRUSTERS_NOT_ENABLED 15/ATT_ERR_TOO_HIGH 16/ASYNC_REFUSED
0x987,1415,EXT_TRACKER2,CMD_ACCEPT_COUNT,Command Accept Count,uint8,1,none
0x988,1416,EXT_TRACKER2,CMD_REJECT_COUNT,Command Reject Count,uint8,1,none
0x989,1417,EXT_TRACKER2,LAST_ACC_CMD_BYTES1,Last Accept Cmd Bytes,uint8,1,none
0x98a,1418,EXT_TRACKER2,LAST_ACC_CMD_BYTES2,Last Accept Cmd Bytes,uint8,1,none
0x98b,1419,EXT_TRACKER2,LAST_ACC_CMD_BYTES3,Last Accept Cmd Bytes,uint8,1,none
0x98c,1420,EXT_TRACKER2,LAST_ACC_CMD_BYTES4,Last Accept Cmd Bytes,uint8,1,none
0x98d,1421,EXT_TRACKER2,LAST_ACC_CMD_BYTES5,Last Accept Cmd Bytes,uint8,1,none
0x98e,1422,EXT_TRACKER2,LAST_ACC_CMD_BYTES6,Last Accept Cmd Bytes,uint8,1,none
0x98f,1423,EXT_TRACKER2,LAST_ACC_CMD_BYTES7,Last Accept Cmd Bytes,uint8,1,none
0x990,1424,EXT_TRACKER2,LAST_ACC_CMD_BYTES8,Last Accept Cmd Bytes,uint8,1,none
0x991,1425,EXT_TRACKER2,LAST_REJ_CMD_BYTES1,Last Reject Cmd Bytes,uint8,1,none
0x992,1426,EXT_TRACKER2,LAST_REJ_CMD_BYTES2,Last Reject Cmd Bytes,uint8,1,none
0x993,1427,EXT_TRACKER2,LAST_REJ_CMD_BYTES3,Last Reject Cmd Bytes,uint8,1,none
0x994,1428,EXT_TRACKER2,LAST_REJ_CMD_BYTES4,Last Reject Cmd Bytes,uint8,1,none
0x995,1429,EXT_TRACKER2,LAST_REJ_CMD_BYTES5,Last Reject Cmd Bytes,uint8,1,none
0x996,1430,EXT_TRACKER2,LAST_REJ_CMD_BYTES6,Last Reject Cmd Bytes,uint8,1,none
0x997,1431,EXT_TRACKER2,LAST_REJ_CMD_BYTES7,Last Reject Cmd Bytes,uint8,1,none
0x998,1432,EXT_TRACKER2,LAST_REJ_CMD_BYTES8,Last Reject Cmd Bytes,uint8,1,none
0x999,1433,EXT_TRACKER2,SOFTWARE_VERSION1,Software Version Code,uint32,1,none
0x99d,1437,EXT_TRACKER2,SOFTWARE_VERSION2,Software Version Code,uint32,1,none
0x9a1,1441,EXT_TRACKER2,HARDWARE_VERSION,Hardware Version Code,uint32,1,none
0x9a5,1445,EXT_TRACKER2,COUNTS_PER_SEC,Counts Per Second,uint32,1,count/sec
0x9a9,1449,EXT_TRACKER2,HR_RUN_COUNT,High Rate Run Count,uint32,1,none
0x9ad,1453,EXT_TRACKER2,HR_TIME_USEC,High Rate Time Usec,uint32,1,usec
0x9b1,1457,EXT_TRACKER2,CYCLES_SINCE_PPS,HR Cycles Since Last PPS,uint32,1,none
0x9b5,1461,EXT_TRACKER2,HR_EXEC_TIME_MS1,High Rate Duration msec,uint8,1,none
0x9b6,1462,EXT_TRACKER2,HR_EXEC_TIME_MS2,High Rate Duration msec,uint8,1,none
0x9b7,1463,EXT_TRACKER2,HR_EXEC_TIME_MS3,High Rate Duration msec,uint8,1,none
0x9b8,1464,EXT_TRACKER2,HR_EXEC_TIME_MS4,High Rate Duration msec,uint8,1,none
0x9b9,1465,EXT_TRACKER2,HR_EXEC_TIME_MS5,High Rate Duration msec,uint8,1,none
0x9ba,1466,EXT_TRACKER2,CLOCK_SYNC_ENABLE,Clock Sync Enable,uint8,1,none
0x9bb,1467,EXT_TRACKER2,VOLTAGE_5P0,Voltage_5p0,uint8,0.025,V
0x9bc,1468,EXT_TRACKER2,VOLTAGE_3P3,Voltage_3p3,uint8,0.015,V
0x9bd,1469,EXT_TRACKER2,VOLTAGE_2P5,Voltage_2p5,uint8,0.015,V
0x9be,1470,EXT_TRACKER2,VOLTAGE_1P8,Voltage_1p8,uint8,0.015,V
0x9bf,1471,EXT_TRACKER2,VOLTAGE_1P0,Voltage_1p0,uint8,0.015,V
0x9c0,1472,EXT_TRACKER2,DET_TEMP,Tracker Detector temperature,int8,0.8,degC
0x9c1,1473,EXT_TRACKER2,LENGTH32,Length,uint32,1,words
0x9c5,1477,EXT_TRACKER2,OFFSET32,Offset,uint32,1,words
0x9c9,1481,EXT_TRACKER2,CHECKSUM,Checksum,uint16,1,none
0x9cb,1483,EXT_TRACKER2,TABLE_UPLOAD_STATUS,Table Upload Status,uint8,1,0/NEW_DATA_IN 1/COMMITTING 2/COMMITTED 3/EXTRACTING 4/EXTRACTED 5/CALCULATING_CRC 6/CRC_READY 7/INVALID_TABLE 8/IDLE 9/FLASH_BURN_COPY 10/FLASH_BURN_DIRECT 11/FLASH_EXTRACT 12/FLASH_BURN_DONE 13/FLASH_EXTRACT_DONE
0x9cc,1484,EXT_TRACKER2,WHICH_TABLE,Which Table,uint8,1,none
0x9cd,1485,EXT_TRACKER2,IMAGE,Flash Image,uint8,1,none
0x9ce,1486,EXT_TRACKER2,FLASH_BURN_ARMED,Flash Burn Armed,uint8,1,none
